event name,date,event summary,Key topic 1,Key topic 2,Key topic 3,location
Tech Meetup 2025,2025-11-24,The definitive event for anyone looking to stay ahead in the rapidly evolving design landscape.,IoT,Healthtech,Computer Vision,"Toronto, Canada"
Blockchain Conference,2025-02-17,A collaborative platform for professionals to share insights on transforming innovation.,Metaverse,Edtech,UX Design,"Toronto, Canada"
Healthcare Meetup 2025,2025-03-23,A premier gathering focused on the latest advancements in blockchain technologies and innovations.,Quantum Computing,Virtual Reality,Computer Vision,"Winnipeg, Canada"
Finance Summit,2025-10-02,An exclusive event bringing together industry leaders to discuss the future of design.,Robotics,Computer Vision,Metaverse,"Ottawa, Canada"
Future of AI Forum,2025-02-10,Join experts and thought leaders to explore cutting-edge developments in healthcare.,Web3,UX Design,Robotics,"Saskatoon, Canada"
Sustainability Workshop 2025,2025-11-22,The definitive event for anyone looking to stay ahead in the rapidly evolving innovation landscape.,Metaverse,MLOps,Natural Language Processing,"Calgary, Canada"
Next-Gen Finance Meetup 2025,2025-01-17,A collaborative platform for professionals to share insights on transforming healthcare.,Green Tech,Remote Work,Data Analytics,"Ottawa, Canada"
Innovation Meetup,2025-03-13,An exclusive event bringing together industry leaders to discuss the future of marketing.,Product Management,Entrepreneurship,IoT,"Toronto, Canada"
Design 2025,2025-02-26,A collaborative platform for professionals to share insights on transforming finance.,Digital Marketing,Virtual Reality,Ethical AI,"Toronto, Canada"
Annual Design Meetup,2025-12-15,A premier gathering focused on the latest advancements in ai technologies and innovations.,Virtual Reality,Product Management,Cryptocurrency,"Halifax, Canada"
Cybersecurity Workshop 2025,2025-02-24,The definitive event for anyone looking to stay ahead in the rapidly evolving tech landscape.,MLOps,Entrepreneurship,Deep Learning,"Vancouver, Canada"
Blockchain Conference 2025,2025-07-05,A premier gathering focused on the latest advancements in marketing technologies and innovations.,5G Technology,Big Data,Future of Work,"Halifax, Canada"
Sustainability Forum 2025,2025-03-26,Join experts and thought leaders to explore cutting-edge developments in innovation.,Green Tech,Digital Transformation,Edtech,"Halifax, Canada"
Annual Blockchain Workshop 2025,2025-08-20,The definitive event for anyone looking to stay ahead in the rapidly evolving blockchain landscape.,Metaverse,Machine Learning,Robotics,"Toronto, Canada"
Annual Tech Hackathon 2025,2025-04-28,An exclusive event bringing together industry leaders to discuss the future of blockchain.,5G Technology,Big Data,Future of Work,"Calgary, Canada"
Modern Blockchain Summit 2025,2025-08-31,A collaborative platform for professionals to share insights on transforming finance.,Natural Language Processing,Cloud Computing,Green Tech,"Edmonton, Canada"
Blockchain Workshop,2025-02-25,A collaborative platform for professionals to share insights on transforming data science.,Augmented Reality,Robotics,Edtech,"Halifax, Canada"
Global Design Conference 2025,2025-02-20,An exclusive event bringing together industry leaders to discuss the future of data science.,Green Tech,Natural Language Processing,Blockchain,"Quebec City, Canada"
Modern Cybersecurity Expo,2025-01-02,A collaborative platform for professionals to share insights on transforming sustainability.,Data Analytics,NFTs,UI Design,"Calgary, Canada"
Innovation Conference,2025-01-30,The definitive event for anyone looking to stay ahead in the rapidly evolving sustainability landscape.,Blockchain,Natural Language Processing,Product Management,"Vancouver, Canada"
Marketing Summit 2025,2025-04-06,The definitive event for anyone looking to stay ahead in the rapidly evolving marketing landscape.,Computer Vision,IoT,Fintech,"Saskatoon, Canada"
Healthcare Meetup 2025,2025-10-17,A collaborative platform for professionals to share insights on transforming blockchain.,Big Data,DevOps,Remote Work,"Edmonton, Canada"
Global Education Summit 2025,2025-02-07,Join experts and thought leaders to explore cutting-edge developments in sustainability.,Robotics,Augmented Reality,Digital Transformation,"Ottawa, Canada"
Sustainability Meetup,2025-03-22,Join experts and thought leaders to explore cutting-edge developments in tech.,Cloud Computing,Big Data,Virtual Reality,"Vancouver, Canada"
Emerging Data Science Meetup,2025-02-24,Join experts and thought leaders to explore cutting-edge developments in innovation.,Product Management,Entrepreneurship,Virtual Reality,"Toronto, Canada"
Finance Meetup 2025,2025-02-17,An exclusive event bringing together industry leaders to discuss the future of healthcare.,Edtech,Ethical AI,Healthtech,"Halifax, Canada"
AI Symposium,2025-01-05,A collaborative platform for professionals to share insights on transforming sustainability.,Big Data,Computer Vision,DevOps,"Edmonton, Canada"
Next-Gen Blockchain Workshop 2025,2025-01-21,An exclusive event bringing together industry leaders to discuss the future of sustainability.,Augmented Reality,Blockchain,Cryptocurrency,"Quebec City, Canada"
Innovation 2025,2025-01-13,A premier gathering focused on the latest advancements in design technologies and innovations.,Sustainability,Computer Vision,Future of Work,"Calgary, Canada"
Healthcare Meetup 2025,2025-04-13,Join experts and thought leaders to explore cutting-edge developments in design.,UX Design,Robotics,Quantum Computing,"Halifax, Canada"
Sustainability Hackathon 2025,2025-07-24,A premier gathering focused on the latest advancements in ai technologies and innovations.,Cloud Computing,Healthtech,Quantum Computing,"Edmonton, Canada"
Sustainability 2025,2025-08-12,A collaborative platform for professionals to share insights on transforming tech.,Machine Learning,Digital Marketing,5G Technology,"Calgary, Canada"
AI Hackathon,2025-07-06,The definitive event for anyone looking to stay ahead in the rapidly evolving cybersecurity landscape.,DevOps,Fintech,MLOps,"Quebec City, Canada"
Sustainability Symposium 2025,2025-12-23,An exclusive event bringing together industry leaders to discuss the future of design.,DevOps,Green Tech,Ethical AI,"Toronto, Canada"
Blockchain Forum,2025-06-05,A collaborative platform for professionals to share insights on transforming education.,Web3,Product Management,Future of Work,"Montreal, Canada"
Annual Cybersecurity Hackathon 2025,2025-12-04,An exclusive event bringing together industry leaders to discuss the future of design.,Deep Learning,Computer Vision,Augmented Reality,"Winnipeg, Canada"
Education Forum,2025-11-09,A collaborative platform for professionals to share insights on transforming finance.,Augmented Reality,Data Analytics,Machine Learning,"Vancouver, Canada"
Future of Data Science Expo 2025,2025-08-06,A collaborative platform for professionals to share insights on transforming education.,Digital Marketing,Ethical AI,MLOps,"Winnipeg, Canada"
Finance Expo 2025,2025-11-10,Join experts and thought leaders to explore cutting-edge developments in education.,Digital Marketing,Entrepreneurship,Augmented Reality,"Ottawa, Canada"
Innovation Meetup 2025,2025-08-14,An exclusive event bringing together industry leaders to discuss the future of healthcare.,Data Analytics,Metaverse,Sustainability,"Montreal, Canada"
AI 2025,2025-12-28,An exclusive event bringing together industry leaders to discuss the future of sustainability.,Fintech,Sustainability,Deep Learning,"Saskatoon, Canada"
Digital Tech Hackathon,2025-07-14,The definitive event for anyone looking to stay ahead in the rapidly evolving innovation landscape.,Metaverse,Entrepreneurship,UX Design,"Quebec City, Canada"
Finance 2025,2025-09-06,The definitive event for anyone looking to stay ahead in the rapidly evolving marketing landscape.,Deep Learning,Green Tech,IoT,"Quebec City, Canada"
Digital Data Science Conference,2025-03-11,Join experts and thought leaders to explore cutting-edge developments in blockchain.,Sustainability,UX Design,Fintech,"Ottawa, Canada"
Digital Tech Conference,2025-02-11,A premier gathering focused on the latest advancements in blockchain technologies and innovations.,Augmented Reality,NFTs,Deep Learning,"Saskatoon, Canada"
Future of Data Science Expo 2025,2025-03-20,Join experts and thought leaders to explore cutting-edge developments in education.,Blockchain,Edge Computing,DevOps,"Vancouver, Canada"
Cybersecurity 2025,2025-10-24,An exclusive event bringing together industry leaders to discuss the future of blockchain.,Cloud Computing,DevOps,Edge Computing,"Saskatoon, Canada"
Next-Gen Sustainability Forum,2025-01-22,A collaborative platform for professionals to share insights on transforming healthcare.,Entrepreneurship,Cloud Computing,Healthtech,"Edmonton, Canada"
Innovation 2025,2025-11-22,The definitive event for anyone looking to stay ahead in the rapidly evolving cybersecurity landscape.,5G Technology,Future of Work,Remote Work,"Quebec City, Canada"
Advanced Healthcare Workshop 2025,2025-10-31,The definitive event for anyone looking to stay ahead in the rapidly evolving marketing landscape.,Sustainability,Cybersecurity,Deep Learning,"Winnipeg, Canada"
International Education Workshop,2025-06-16,Join experts and thought leaders to explore cutting-edge developments in cybersecurity.,Ethical AI,Machine Learning,Digital Marketing,"Calgary, Canada"
Innovation 2025,2025-02-13,A collaborative platform for professionals to share insights on transforming education.,Edtech,Deep Learning,IoT,"Ottawa, Canada"
Modern Innovation Workshop,2025-04-24,The definitive event for anyone looking to stay ahead in the rapidly evolving sustainability landscape.,Quantum Computing,Healthtech,Ethical AI,"Edmonton, Canada"
Digital Cybersecurity Meetup,2025-06-30,A premier gathering focused on the latest advancements in blockchain technologies and innovations.,5G Technology,Cryptocurrency,NFTs,"Calgary, Canada"
Advanced Innovation Meetup 2025,2025-09-05,Join experts and thought leaders to explore cutting-edge developments in blockchain.,Machine Learning,5G Technology,Big Data,"Ottawa, Canada"
Sustainability Meetup 2025,2025-01-24,Join experts and thought leaders to explore cutting-edge developments in ai.,Future of Work,Edtech,Cybersecurity,"Montreal, Canada"
Advanced Education Summit 2025,2025-01-27,A premier gathering focused on the latest advancements in finance technologies and innovations.,Data Analytics,DevOps,IoT,"Calgary, Canada"
Finance Workshop,2025-03-02,A collaborative platform for professionals to share insights on transforming cybersecurity.,DevOps,Natural Language Processing,Cloud Computing,"Calgary, Canada"
Cybersecurity Summit 2025,2025-11-17,A premier gathering focused on the latest advancements in blockchain technologies and innovations.,Fintech,Edtech,Future of Work,"Ottawa, Canada"
Cybersecurity 2025,2025-01-17,The definitive event for anyone looking to stay ahead in the rapidly evolving design landscape.,NFTs,Healthtech,Edge Computing,"Halifax, Canada"
Data Science Meetup 2025,2025-04-26,The definitive event for anyone looking to stay ahead in the rapidly evolving marketing landscape.,UI Design,Edtech,Edge Computing,"Winnipeg, Canada"
Advanced Innovation Forum,2025-12-19,The definitive event for anyone looking to stay ahead in the rapidly evolving ai landscape.,Computer Vision,Healthtech,MLOps,"Saskatoon, Canada"
AI Workshop,2025-05-09,A premier gathering focused on the latest advancements in marketing technologies and innovations.,Cryptocurrency,Future of Work,Digital Marketing,"Winnipeg, Canada"
Marketing 2025,2025-05-23,Join experts and thought leaders to explore cutting-edge developments in healthcare.,Cloud Computing,Blockchain,Cybersecurity,"Quebec City, Canada"
Cybersecurity Forum,2025-12-22,Join experts and thought leaders to explore cutting-edge developments in ai.,Edge Computing,Green Tech,Product Management,"Toronto, Canada"
Emerging Education Forum 2025,2025-12-03,A collaborative platform for professionals to share insights on transforming marketing.,Natural Language Processing,Web3,UX Design,"Halifax, Canada"
Advanced Education Expo 2025,2025-03-09,An exclusive event bringing together industry leaders to discuss the future of design.,DevOps,Ethical AI,Machine Learning,"Halifax, Canada"
Blockchain 2025,2025-07-28,Join experts and thought leaders to explore cutting-edge developments in data science.,Product Management,UX Design,Fintech,"Winnipeg, Canada"
Education 2025,2025-08-30,A premier gathering focused on the latest advancements in blockchain technologies and innovations.,UX Design,Fintech,Cybersecurity,"Halifax, Canada"
Cybersecurity Meetup,2025-05-17,The definitive event for anyone looking to stay ahead in the rapidly evolving education landscape.,Future of Work,Quantum Computing,Cybersecurity,"Halifax, Canada"
Education Hackathon 2025,2025-10-06,A collaborative platform for professionals to share insights on transforming finance.,Computer Vision,MLOps,Future of Work,"Quebec City, Canada"
Design 2025,2025-07-17,A premier gathering focused on the latest advancements in tech technologies and innovations.,Edtech,Cloud Computing,Digital Marketing,"Winnipeg, Canada"
International Finance Symposium 2025,2025-01-08,A collaborative platform for professionals to share insights on transforming marketing.,IoT,Cybersecurity,5G Technology,"Quebec City, Canada"
Innovation Expo,2025-06-12,Join experts and thought leaders to explore cutting-edge developments in ai.,Metaverse,IoT,Healthtech,"Vancouver, Canada"
Annual Education Symposium,2025-11-21,Join experts and thought leaders to explore cutting-edge developments in healthcare.,Digital Transformation,Healthtech,Data Analytics,"Calgary, Canada"
Marketing Symposium 2025,2025-09-29,An exclusive event bringing together industry leaders to discuss the future of ai.,Entrepreneurship,Data Analytics,Metaverse,"Winnipeg, Canada"
Advanced Education Meetup 2025,2025-11-23,A premier gathering focused on the latest advancements in education technologies and innovations.,Edtech,Quantum Computing,DevOps,"Quebec City, Canada"
Education Meetup 2025,2025-12-20,The definitive event for anyone looking to stay ahead in the rapidly evolving finance landscape.,Quantum Computing,UI Design,Deep Learning,"Quebec City, Canada"
Marketing Conference,2025-05-21,Join experts and thought leaders to explore cutting-edge developments in cybersecurity.,Metaverse,NFTs,Virtual Reality,"Montreal, Canada"
Annual Design Conference,2025-11-18,An exclusive event bringing together industry leaders to discuss the future of tech.,IoT,UI Design,MLOps,"Quebec City, Canada"
Data Science Hackathon,2025-03-31,Join experts and thought leaders to explore cutting-edge developments in data science.,Cybersecurity,Edge Computing,Remote Work,"Vancouver, Canada"
Design Forum,2025-03-14,The definitive event for anyone looking to stay ahead in the rapidly evolving cybersecurity landscape.,Edge Computing,Remote Work,Digital Transformation,"Ottawa, Canada"
Modern Design Hackathon 2025,2025-10-27,The definitive event for anyone looking to stay ahead in the rapidly evolving marketing landscape.,MLOps,Metaverse,Robotics,"Winnipeg, Canada"
Advanced Design Forum 2025,2025-12-25,A premier gathering focused on the latest advancements in data science technologies and innovations.,Cloud Computing,Augmented Reality,5G Technology,"Montreal, Canada"
Healthcare Forum,2025-07-18,A premier gathering focused on the latest advancements in innovation technologies and innovations.,Entrepreneurship,Fintech,UX Design,"Toronto, Canada"
Blockchain 2025,2025-12-20,The definitive event for anyone looking to stay ahead in the rapidly evolving healthcare landscape.,Quantum Computing,Natural Language Processing,Green Tech,"Ottawa, Canada"
Education Summit 2025,2025-04-08,Join experts and thought leaders to explore cutting-edge developments in marketing.,Augmented Reality,Big Data,Web3,"Vancouver, Canada"
Marketing Workshop 2025,2025-10-11,An exclusive event bringing together industry leaders to discuss the future of data science.,Big Data,5G Technology,Virtual Reality,"Montreal, Canada"
Tech Symposium 2025,2025-02-26,An exclusive event bringing together industry leaders to discuss the future of blockchain.,Virtual Reality,Natural Language Processing,Big Data,"Quebec City, Canada"
Innovation 2025,2025-09-27,A collaborative platform for professionals to share insights on transforming marketing.,Product Management,Metaverse,Computer Vision,"Halifax, Canada"
Digital Design Conference 2025,2025-06-04,A collaborative platform for professionals to share insights on transforming design.,Edtech,Robotics,IoT,"Edmonton, Canada"
International AI Symposium,2025-11-08,Join experts and thought leaders to explore cutting-edge developments in marketing.,Sustainability,Digital Marketing,UI Design,"Winnipeg, Canada"
Finance Summit 2025,2025-09-16,A collaborative platform for professionals to share insights on transforming innovation.,Edtech,Metaverse,Fintech,"Edmonton, Canada"
Modern Finance Summit,2025-08-21,An exclusive event bringing together industry leaders to discuss the future of healthcare.,Future of Work,Robotics,IoT,"Vancouver, Canada"
AI Hackathon 2025,2025-02-17,Join experts and thought leaders to explore cutting-edge developments in marketing.,Edge Computing,Fintech,Quantum Computing,"Quebec City, Canada"
Advanced Marketing Meetup,2025-01-27,A collaborative platform for professionals to share insights on transforming blockchain.,Metaverse,Cloud Computing,Quantum Computing,"Halifax, Canada"
Cybersecurity 2025,2025-07-08,The definitive event for anyone looking to stay ahead in the rapidly evolving design landscape.,Deep Learning,UX Design,Cryptocurrency,"Ottawa, Canada"
Advanced Healthcare Hackathon 2025,2025-12-26,A premier gathering focused on the latest advancements in data science technologies and innovations.,Data Analytics,Deep Learning,IoT,"Halifax, Canada"
Modern Finance Expo,2025-04-21,The definitive event for anyone looking to stay ahead in the rapidly evolving healthcare landscape.,IoT,Natural Language Processing,Data Analytics,"Montreal, Canada"
Global Design Summit,2025-11-13,A collaborative platform for professionals to share insights on transforming education.,Fintech,UX Design,Web3,"Halifax, Canada"
